keyword,kid
(19_4)-configurations,1
(8_4) configurations,2
(complete) bipartite graphs,3
(complete) multipartite graphs,4
(generalized) Oberwolfach problem,5
(im)primitive group,6
(K_4 - e)-design,7
(n,8
(n_k) configurations,9
(orientably) regular map,10
(Rooted) near-4-regular map,11
05C15,12
05C25,13
05C38,14
1-2-3 conjecture,15
1-ended,16
1-planar graph,17
1-Sperner hypergraph,18
2-arc-transitive,19
2-arc-transitive graph,20
2-design,21
2-Distance-transitive graph,22
2-factor,23
2-factorisations,24
2-factorizations,25
2-manifold,26
2-neighbour-transitive,27
2-packing number,28
2-transitive group,29
2-tree,30
2-trees,31
2D rectangular and polygonal lattices,32
3-colorable,33
3-prism,34
3-sun system,35
3-walk,36
3-wheel,37
3)-configuration,38
3}-free,39
4-BCI-group,40
4-girth-thickness,41
4-valent,42
90B10,43
Abel-Plana Formula,44
abelian cover,45
abelian group,46
Abelian group,47
abelian groups,48
abelian sand-pile group,49
abstract chiral polytopes,50
abstract polytopes,51
abstract regular or chiral polytopes,52
Abstract regular or uniform polytopes,53
abstract regular polytope,54
Abstract regular polytope,55
Abstract regular polytopes,56
Achiral symmetry,57
Achromatic index,58
acr-transitive graph,59
Acyclic coloring,60
acyclic number,61
Additive permutation,62
adic topologies,63
adjacency matrix,64
Adjacency matrix,65
adjacent strong chromatic index,66
affine and projective spaces,67
Aggregates,68
Aleksandrov’s inequality,69
algebraic automorphism,70
algebraic computation,71
algebraic curve,72
Algebraic curves,73
Algebraic number field,74
algorithm,75
Algorithm,76
algorithms,77
allowable sequence of permutations,78
almost simple groups,79
almost-uniform partial sum families,80
alpha-parallel class,81
alpha-resolvable G-design,82
alphabet-almost-simple,83
alternating degrees,84
alternating group,85
alternating groups,86
ambiguous patches,87
amilton-connected,88
annihilation number,89
annihilation set,90
Anonymity,91
Anstee-Sali conjecture,92
anti-Pappian,93
anti-Ramsey numbers,94
anti-Ramsey problems,95
antimatroid,96
Antipodal graph,97
approximate product,98
approximation algorithm,99
arboricity,100
arc-transitive,101
Arc-transitive,102
arc-transitive graph,103
Arc-transitive graph,104
Arc-transitive graphs,105
Area evolute,106
area generating function,107
arithmetical functions,108
ARMA/GARCH errors,109
armchair nanotube,110
arrangement,111
Arrangement,112
arrangement of hyperplanes,113
Arrangement of lines,114
association scheme,115
Association scheme,116
association schemes,117
Association schemes,118
asymmetric uniform hypergraph,119
asymptotic,120
Asymptotic,121
asymptotic enumeration,122
asymptotic growth constant,123
asymptotics,124
automorphism,125
automorphism group,126
Automorphism group,127
automorphism group of a graph,128
automorphism groups,129
automorphisms,130
average distance,131
average value,132
axiom   systems,133
balanced hypercube,134
balanced labelings of graphs,135
balanced signed graphs,136
ball-quotients,137
Barbier's theorem,138
Bargraphs,139
Belyi curves,140
benzenoid graph,141
Berge-Fulkerson Conjecture,142
Bernoulli numbers,143
Bessis- Moussa-Villani (BMV) conjecture,144
Betti number,145
betweenness centrality,146
bi-Cayley,147
bi-Cayley graph,148
Bi-Cayley graph,149
bi-hypergraph,150
Bi-p-metacirculant,151
bicyclic group,152
bidegree full functions,153
biembedding,154
Biembedding,155
biembedding cycle systems,156
Bigraphs,157
bijective combinatorics,158
Bilinski diagram,159
binary relation,160
Binomial coefficients,161
binomial mean,162
Binomial sum,163
bipartite graph,164
bipartite graphs,165
Bipartite graphs,166
block graph,167
block-cactus,168
Bockting operator,169
Bogomolov multiplier,170
boundary code,171
boundary codes,172
bounds,173
branched covering,174
C4 nanotori,175
cactus chain,176
cactus graph,177
cage,178
cancellation in graph products,179
Canonical coloring,180
canonical cover,181
canonical double covers,182
canonical group,183
canonical metric representation,184
cardinal products of graphs,185
Cartesian graph bundle,186
cartesian product,187
Cartesian product,188
Cartesian product graph,189
Cartesian product of graphs,190
Cartesian skeleton,191
CAT(0) space,192
Catalan numbers,193
catch time,194
Categorical product,195
category,196
Cauchy-Frobenius-Burnside lemma,197
Cayley digraph,198
cayley graph,199
Cayley graph,200
Cayley graphs,201
Cayley graps,202
Cayley isomorphism,203
Cayley map,204
Cayley multigraphs,205
Cayley regression,206
Cayley voltages,207
CCA problem,208
cellular networks,209
center symmetry set,210
Centrality measures,211
centralizer,212
Cesaro mean,213
chamber systems,214
chamfering operation,215
character,216
character table,217
characteristic polynomial,218
Chebyshev polynomial,219
chemical graph,220
chemical graph theory,221
Chiral 4-polytope,222
Chiral hypermap,223
chiral map,224
chiral polytope,225
chiral symmetry,226
chirality,227
Chord diagram,228
chord expansion,229
chordal graph,230
chromatic number,231
Chromatic number,232
CI-group,233
CI-groups,234
circuit,235
circulant,236
Circulant graph,237
circulant graphs,238
circulant matrix,239
circular chromatic number,240
claims equalization,241
class one,242
claw,243
claw-free graph,244
closed benzenoid chain,245
closed surface,246
Cluster algebra,247
cobordism,248
COCO,249
cocore,250
coherent configuration,251
Coherent configurations,252
color classes,253
Coloring Extendability,254
colour-permuting,255
colour-preserving,256
colouring number,257
combinatorial configuration,258
combinatorial game,259
combinatorial identities,260
combinatorial identity,261
combinatorial nullstellensatz,262
Combinatorial problems,263
combinatorial properties,264
combinatorial rigidity,265
combinatorial species,266
communication network,267
community detection,268
commutator,269
Commutator,270
commutator subgroup,271
commutators,272
Commuting graph,273
complement,274
complement graph,275
complete 3-partite graph,276
complete 4-partite graph,277
complete bipartite,278
complete bipartite graph,279
Complete bipartite graphs,280
complete coloring,281
complete equipartite graph,282
complete graph,283
complete multipartite graph,284
Complete multipartite graph,285
complete n-complex,286
complete split graph,287
complete tripartite graph,288
completely transitive,289
completeness,290
complex networks,291
components of links,292
composite graph,293
Composition,294
Compression ratio,295
computation,296
Computational methods in group theory,297
Computer algebra system,298
computer search,299
concordance,300
conference matrix,301
configuration,302
Configuration,303
configuration of lines,304
configuration of points and circles,305
Configuration of points and lines,306
configuration spaces,307
configurations,308
Configurations,309
Congruent transformation,310
congruent triangles,311
coning,312
Conjecture,313
‎conjugacy class‎,314
conjugated cycle,315
Connected dominating set,316
connected domination,317
connected-domishold graph,318
connection sequence,319
connectivity,320
consistent directed cycles,321
Consistent graphs,322
constant sum partition,323
construction,324
convergence,325
convex dimension,326
convex polytopes,327
convex subgraph,328
convexities,329
Cops and Robber,330
core,331
core vertices,332
core width,333
Corona graph,334
corona product,335
coronene,336
coset geometries,337
cospectrality,338
Counting of homomorphisms,339
covering codes,340
covering graph,341
covering projection,342
Covering projection,343
covering space,344
covers,345
Coxeter group,346
Coxeter groups,347
Coxeter system,348
Coxeter tilings,349
critical graph,350
critical independence number,351
critical independent set,352
critical points,353
cross-matching,354
crossing number,355
cube polynomial,356
cubic,357
cubic graph,358
Cubic graph,359
current graphs,360
curvature,361
curves of constant width,362
cut edge,363
cycle,364
cycle basis,365
Cycle basis,366
cycle decomposition,367
cycle rank,368
Cycle space,369
cycle spaces,370
cycle structure,371
cycle systems,372
cycles,373
cyclic connectivity,374
cyclic cycle system,375
cyclic edge-cut,376
cyclic equivalence,377
cyclic Gray code,378
Cyclic group,379
cyclic Haar graph,380
cyclic quotient graph,381
DCI-groups,382
degenerate Bernoulli numbers,383
degree,384
Degree-diameter problem,385
delta-sequence,386
delta-set,387
density,388
dependent crossings,389
Desargues,390
dessin d'enfant,391
dessin d'enfants,392
dessin d’enfant,393
Dessins d'enfants,394
Determinant,395
determinants,396
diameter,397
diameter graph,398
diameter of a graph,399
dicyclic group,400
difference family,401
difference set,402
difference sets,403
digraph,404
Digraph,405
digraphs,406
Digraphs,407
Dihedral f-tilings,408
dihedral groups,409
dimension,410
direct product,411
direct sum,412
directed genus,413
Directed graphs,414
direction,415
Dirichlet-Voronoi cell,416
discharging,417
Disconnected coverings,418
discrete differential geometry,419
Discriminantal arrangements,420
discs,421
disjoint total dominating sets,422
Dissociation number,423
distance,424
Distance,425
distance coloring,426
Distance energy,427
distance J-labeling,428
distance l-labeling,429
Distance magic labeling,430
distance matrix,431
distance regular cover,432
distance regular graph of diameter 3,433
distance spectrum,434
Distance spectrum,435
Distance-balanced graph,436
distance-regular graph,437
Distance-regular graph,438
distance-transitive graph,439
distant set distinguishing index,440
Distant sum distinguishing index of a graph,441
distinguishing chromatic number,442
Distinguishing chromatic number,443
distinguishing index,444
Distinguishing index,445
distinguishing index of a graph,446
distinguishing labeling,447
distinguishing number,448
Distinguishing number,449
distinguishing partition,450
distributive lattice,451
divisibility,452
divisor concept,453
dominating set,454
Dominating set,455
domination,456
Domination,457
Domination game,458
domination number,459
domino,460
dot product,461
double comet,462
double cover,463
Double nested graph,464
double Roman domination,465
down-up algebra,466
Doyle-Holt graph,467
DRR,468
dual edge weight,469
dual polar graph,470
Dual polar graphs,471
dual polar space,472
duality,473
Dyck path,474
eccentricity,475
edge coloring,476
Edge coloring,477
edge colouring,478
Edge colouring,479
edge connectivity,480
edge contributions,481
edge decompositon,482
edge domination number,483
edge polytope,484
edge Szeged index,485
edge weight,486
edge-  transitive graphs,487
edge-amalgamation,488
edge-coloring,489
edge-colouring,490
Edge-colouring,491
edge-cuts,492
edge-transitive,493
edge-transitive embeddings,494
edge-transitive graph,495
Edge-transitive graph,496
Edge-transitive map,497
edge-transitive tessellation,498
efficient edge dominating set,499
Efficient enumeration,500
Ehrhart theory,501
eigenspace,502
eigenvalue,503
eigenvalues,504
Eigenvalues of graphs,505
Eigenvector,506
eigenvectors,507
Eisenstein integers,508
elementary cycle,509
elliptic curve,510
Embedded graphs,511
embedding,512
Embedding dimension,513
endomorphism,514
enumerating function,515
enumeration,516
Enumeration,517
epimorphism,518
equalization scheme,519
equidistants,520
equilibrium,521
equilibrium stress,522
equitable chromatic number,523
equitable graph coloring,524
equitransitive,525
equity-linked life insurance with guarantees,526
equivalence of actions,527
equivariant cohomology,528
equivelar map,529
Equivelar polyhedron,530
equivelar polytope,531
Erdős-Ko-Rado theorem,532
Erdős-Sós Conjecture,533
Euclidean distance matrix,534
Euler characteristic,535
Euler divergent series,536
Euler transform,537
Eulerian circuit,538
Eulerian tours,539
Even and odd restricted permutations,540
even permutation,541
evolutes,542
exact enumeration,543
exceptional edges,544
exceptional signed graph,545
excluded minor,546
excursion theory,547
exhaustive generation,548
exhaustive search,549
expander family,550
expectation,551
Expected value,552
exponential growth,553
Extensional digraph,554
Extremal graph,555
extremal minor,556
extremal set theory,557
extremal singular graphs,558
extremal values,559
f-vector,560
face vector,561
Face-homogeneous,562
facial walk,563
factorisation,564
factorizations,565
Fan-Raspaud Conjecture,566
Fano configuration,567
fault tolerance,568
Fibonacci cube,569
Fibonacci cubes,570
Fibonacci numbers,571
Fibonacci sequence,572
field of moduli and field of definition,573
financial bubbles and crashes,574
finite abelian groups,575
finite affine space,576
finite Desarguesian plane,577
finite embeddability property,578
finite fields,579
finite generalized quadrangle,580
finite geometries,581
Finite Geometries,582
finite group action,583
finite Markov chain,584
finite projective spaces,585
finite sets,586
Finite simple graph,587
first Zagreb eccentricity index,588
First Zagreb index,589
fixed-point-free automorphism,590
flag graph,591
flag-transitive,592
flag-transitivity,593
flat polytope,594
Flexible polygons,595
Forbidden configuration,596
forbidden induced subgraph characterization,597
forced commutativity of groupoid diagram,598
Foster graph,599
fractional chromatic number,600
free positivity,601
frequency planning,602
Frobenius automorphism,603
Frobenius group,604
Frobenius groups,605
Frobenius number,606
Frobenius pseudo-varieties,607
Frobenius varieties,608
Fuchsian group,609
full rank polytope,610
Fullerene,611
fullerene graph,612
fullerene patches,613
Fullerene Patches,614
Fullerenes,615
fundamental group,616
Fundamental group,617
fundamental theorem of linear algebra,618
G-graph,619
G-nutful graph,620
gain graphs,621
Gallai colorings,622
Galois group,623
game domination number,624
GAP,625
Gauss codes,626
Gauss paragraphs,627
Gauss words,628
Gaussian and Eisenstein integers,629
GCI-group,630
general Kneser hypergraph,631
General position problem,632
Generalized Cayley graph,633
generalized dihedral group,634
generalized Hadamard matrix,635
Generalized line graph,636
generalized Petersen graph,637
generalized Petersen graphs,638
Generalized Petersen graphs,639
generalized quadrangle,640
Generalized surjective graph homomorphism,641
generating function,642
generating functions,643
generating theorem,644
generation,645
generators,646
Genocchi number,647
genus,648
genus distribution,649
Genus distribution,650
genus polynomial,651
genus spectrum,652
geodesic interval,653
Geodetic problem,654
geometric configuration,655
Geometric configurations,656
geometric graph,657
Geometric hyperplanes,658
girth,659
girth-regular,660
global domination,661
Godsil-Hensel matrix,662
Golomb ruler,663
Golumb ruler,664
good characterization,665
gram embedding,666
Graovac-Pisanski index,667
graph,668
Graph,669
Graph  producs,670
Graph  product,671
Graph algorithm,672
graph algorithms,673
graph automorphism,674
graph bundle,675
Graph coloring,676
Graph Coloring,677
graph colouring,678
graph decompositions,679
graph direct product,680
Graph distance,681
Graph distances,682
Graph drawing,683
graph eigenvalue,684
graph eigenvalues,685
Graph eigenvalues,686
graph embedding,687
Graph embedding,688
graph embeddings,689
graph energy,690
graph factorisations,691
Graph factorization,692
graph genus polynomials,693
graph homomorphism,694
Graph imbedding,695
Graph isomorphism,696
Graph List-Coloring,697
graph minor,698
graph of groups,699
graph operation,700
graph operations,701
Graph operations,702
graph polynomials,703
graph product,704
graph products,705
Graph products,706
graph spectrum,707
Graph spectrum,708
Graph theory,709
graphic sequence,710
graphical matroid,711
Graphical zonotope,712
graphite patches,713
graphs,714
Graphs,715
graphs on surfaces,716
graphs with exactly two non-negative eigenvalues,717
Grassmanian stratification,718
Grassmann graph,719
Grassmannian,720
Gray codes,721
Gray configuration,722
grid,723
grid minor,724
group,725
Group,726
group action,727
group distance magic labeling,728
group extension,729
group extensions,730
group labeling,731
group presentation,732
group ring,733
groups,734
Groups,735
growth rate,736
GRR,737
Grünbaum graph,738
Grundy domination number,739
Grundy total domination number,740
ℋ-free graph,741
Hadamard-Fischer inequality,742
Hadwiger Conjecture,743
half-arc-transitive,744
half-arc-transitive graph,745
halfcube,746
Halin graph,747
halving lines,748
Hamilton cycle,749
Hamilton cycles,750
Hamilton path,751
Hamilton-connected,752
Hamilton-laceable,753
Hamilton-Waterloo problem,754
Hamiltonian,755
hamiltonian cycle,756
Hamiltonian cycle,757
hamiltonian cycles,758
Hamiltonian cycles,759
Hamiltonian path,760
Hamiltonian paths,761
hamming graph,762
Hamming graph,763
Hamming graphs,764
Hamming map,765
Hankel matrix,766
Hankel transform,767
Harada-Norton group,768
harmonic differential,769
harmonic map,770
Heawood's Theorem,771
Hedetniemi's conjecture,772
Heffter array,773
Heffter arrays,774
hereditary graph class,775
Hessenberg matrix,776
heuristic search,777
hexagonal lattice,778
hexagonal-celled,779
Heyting algebras,780
hierarchical diamond lattice,781
hierarchies,782
Hirzebruch inequality,783
HL-index,784
Hoffman graph,785
Holder’s Theorem,786
homeomorphically irreducible trees,787
HOMO-LUMO map,788
Homogenous coloring,789
homology group,790
homometric subsets,791
homomorphism,792
Homomorphism,793
honeycomb toroidal graph,794
Hopf algebras,795
Hosoya polynomial,796
Hurwitz map,797
hyperball packings,798
Hyperbolic geometry,799
hyperbolic mosaic,800
hyperbolic plane,801
hypercube,802
hyperelliptic graph,803
hyperfibonacci sequence,804
hypergeometric Bernoulli numbers,805
hypergeometric Cauchy numbers,806
hypergeometric functions,807
hypergraph,808
hypergraphs,809
hypermap,810
Hypermap,811
hypermaps,812
Hypermaps,813
Hyperplane arrangement,814
hypertopes,815
hypohamiltonian,816
Hypohamiltonian,817
I-graph,818
I-graphs,819
i-packing,820
IDD-perfect graph,821
Immersion,822
imprimitive group,823
incidence geometry,824
incidence statement,825
incidence structure,826
Incidence structure,827
incidence structures,828
indecomposable matrices,829
independence number,830
independence ratio,831
independence-domination number,832
independent set,833
independent sets,834
Independent sets,835
Induced forest,836
induced-path interval,837
inertia,838
infinite dimensional hypercube,839
infinite graph,840
infinite graphs,841
Injective coloring,842
injectivity radius,843
inner-abelian p-group,844
inside-out polytope,845
Integer flow,846
integer linear programming,847
integral graph,848
Integral graphs,849
integral representation,850
interconnection network,851
interlacing,852
internal and external active edges,853
internet search data,854
intersection graphs of families of boxes,855
intersection lattice,856
intersection theorems,857
interval edge-coloring,858
Intrinsic linking,859
intuitionistic logic,860
inverse eigenvalue problem,861
involutes,862
IP loop,863
irreducible,864
‎irreducible character,865
irreducible snark,866
Ising chain,867
isoclinism,868
isolated pentagon rule,869
isometric point-circle configuration,870
isometric subgraph,871
isometry,872
isomorphism,873
isomorphism problem,874
Isomorphisms,875
isospectral graphs,876
isotropic subspace,877
iterated line graph,878
Jacobian group,879
JLS model,880
Johnson graph,881
Join,882
join of two graphs,883
K_{1,884
k-in-a-row game,885
k-metric dimension,886
Kainen's Basis,887
Kekul\'e structure,888
Kekulé structure,889
Keller graphs,890
key-graphs,891
Kirchhoff graphs,892
Kirchhoff index,893
Klein bottle,894
Klein surfaces,895
Kneser graph,896
Kneser graphs,897
knight graph,898
Konig-Egervary graph,899
König-Egerváry graph,900
Kronecker product graph,901
Kuratowski subgraphs,902
L2(11),903
Lagrangian inversion,904
Langford sequence,905
Laplacian polynomial,906
Laplacian spectrum,907
largest eigenvalue,908
last exit decompositions,909
Latin square,910
Latin squares,911
lattice animal,912
lattice polytopes,913
lattice section,914
lattices of subgroups,915
least eigenvalue,916
Legendre polynomials,917
Leonard pair,918
Leonardo polyhedron,919
levels,920
Levi graph,921
lexicographic product,922
lifting,923
lifting automorphisms,924
light graph,925
lightness,926
Line configurations,927
line graph,928
Line graphs,929
linear algorithm,930
Linear code,931
linear fractional group,932
linear groups,933
linear programming duality,934
linear set,935
linear sets,936
linear systems over the integers,937
linearized polynomial,938
Linearized polynomial,939
linearly independent quaternionic monomials,940
Linearly recursive sequences,941
linking ring structure,942
linking rings structure,943
lion and man,944
list weighting,945
Livingstone--Wagner Theorem,946
Lobe,947
lobe-transitive,948
local embeddability,949
locally arc-transitive graph,950
locally s-arc-transitive graphs,951
locating domination,952
Locating-dominating number,953
log-concavity,954
logarithm,955
long cycle,956
Lovász local lemma,957
Lucas cube,958
Lucas cubes,959
m-Cayley,960
Mahler measure,961
Majorana,962
Majorana representations,963
majority rule,964
majorization,965
map,966
Map,967
map coloring,968
map on surface,969
maps,970
Maps,971
maps on surfaces,972
market regimes,973
Markov chain,974
Markov chains,975
Markov proceses,976
matching,977
matching number,978
mathematical chemistry,979
mathematical software,980
Mathieu group,981
Matlab toolbox,982
matrix,983
matrix ring,984
Matrix semigroup,985
matroids,986
Matroids,987
maximal clique,988
maximal green sequence,989
maximal matching,990
Maximal matching,991
maximal matching polynomial,992
maximal outerplanar,993
maximal packing,994
Maximally non-hamiltonian digraphs,995
maximum cut,996
maximum degree,997
Maximum genus,998
maximum independent set,999
Maximum independent set,1000
maximum packing with 6-cycles,1001
Maximum packing with triples,1002
Maxwell-Cremona correspondence,1003
medial,1004
medial graph,1005
median,1006
median graph,1007
Melchior inequality,1008
metacyclic group,1009
metric dimension,1010
Metric spaces,1011
Minimal covers,1012
minimal cutset,1013
minimal non-abelian group,1014
minimal separator,1015
minimum cycle bases,1016
minimum rank,1017
Minkowski geometry,1018
mirror,1019
Mixed discriminants,1020
Mixed fault diameter,1021
mixed hypergraph,1022
mixed volume,1023
mixing,1024
Möbius configuration,1025
Möbius function,1026
Möbius functions (on a lattice),1027
Mobius map,1028
Möbius pair,1029
Möbius strip,1030
modified Wiener index,1031
Modified Wiener index,1032
modulo 3-orientation,1033
molecular conduction,1034
molecular conductivity,1035
molecular descriptor,1036
monodromy group,1037
monohedral tiling,1038
monoids,1039
monostatic polyhedron,1040
Monster algebra,1041
Moore graph,1042
Morse index,1043
motion,1044
Motion Lemma,1045
motion planning,1046
Motzkin polynomial,1047
Moulton planes,1048
MRD-code,1049
multigraph,1050
multihomomorphism,1051
multipartite complete graph,1052
multiple edge,1053
multiplicities,1054
multiplicity,1055
Mycielski graphs,1056
n-distance-balanced graph,1057
n-simplex,1058
nanocones,1059
natural isomorphism,1060
NCSOStools,1061
Near hexagons,1062
near-embedding,1063
nearly convex column,1064
Nebesky theorem,1065
negative cycle vector,1066
neighbour sum distinguishing index,1067
net-balanced signed graph,1068
network measures,1069
network models,1070
nilpotent group,1071
nilpotent operators,1072
NMDS-Code,1073
NMNR-coloring,1074
non-commutative algebra,1075
non-contractible cycle,1076
Non-equivalent coverings,1077
non-negative spectrum,1078
non-nilpotent subgroup,1079
non-orientable surface,1080
non-singular graph,1081
Nonattacking chess pieces,1082
Noncommutative frame,1083
noncommutative polynomial,1084
Normal,1085
normal distribution,1086
normal quotient,1087
normal quotient graph,1088
normal quotient reduction,1089
Normalizer,1090
normed plane,1091
nowhere-zero 3-flow,1092
Nowhere-zero flow,1093
NP-complete,1094
NP-completeness,1095
NP-hard,1096
NP-hardness,1097
NSSD,1098
Nuciferous graph,1099
Nuficerous graph,1100
nullity,1101
Nullity,1102
numerical computation,1103
numerical semigroup,1104
numerical semigroups,1105
nut fullerenes,1106
nut graphs,1107
O'Nan sporadic simple group,1108
Oberwolfach problem,1109
octahedral binary group,1110
odd chromatic index,1111
odd edge-coloring,1112
odd edge-covering,1113
odd permutation,1114
odd subgraph,1115
oddness,1116
omittable lines,1117
One-regular graphs,1118
optical orthogonal code,1119
Optimal stopping for Markov chains,1120
orbifold,1121
Orbifold,1122
orbit,1123
orbital graph,1124
order,1125
order-chain polytope,1126
orientable genus,1127
orientable genus of a graph,1128
orientable surface,1129
orientably regular,1130
orientation,1131
oriented graph,1132
Oriented hypergraphs,1133
oriented matroid,1134
outerplanar graph,1135
Outerplanar Graphs,1136
p-group,1137
p-groups,1138
p-schemes,1139
Packing chromatic number,1140
packing density,1141
Padovan numbers,1142
pairing strategies,1143
Palette index,1144
Pappus,1145
Pappus's Theorem,1146
parabolic induction,1147
Paralell Backtracking search with isomorph rejection,1148
Parallelogram law,1149
parallelotope,1150
parallelotopes,1151
parameterizations,1152
partial cubes,1153
partial genus distribution,1154
partial linear space,1155
Partial orders,1156
partial product graph,1157
partial star product,1158
partition,1159
partitioned genus distribution,1160
Partitions,1161
patch,1162
path,1163
paths,1164
pattern avoidance,1165
Payne's doily,1166
pentahedral cages,1167
perfect matching,1168
Perfect matching,1169
Perfect matching derangement graph,1170
perfect matchings,1171
permanent,1172
Permanent,1173
permanents,1174
permutable matching,1175
permutation,1176
Permutation,1177
permutation group,1178
Permutation group,1179
permutation groups,1180
Permutation polytopes,1181
Perrin numbers,1182
Petersen coloring conjecture,1183
Petersen colorings,1184
Petersen graph,1185
Petersen-colouring,1186
Petrie dual,1187
Petrie polygon,1188
Pfaffian graph,1189
picture,1190
planar,1191
planar decomposition,1192
planar discontinuous group,1193
planar graph,1194
Planar graph,1195
planar graphs,1196
planar subgraphs decomposition,1197
Planar triangulation,1198
planar width,1199
plane graph,1200
Plane graph,1201
Plane triangulation,1202
Platonic solid,1203
Platonic solids,1204
Plurality strategy,1205
point-imprimitive,1206
Point-line configuration,1207
Point-line incidence graph,1208
point-line incidence structure,1209
point-primitive,1210
Polar space,1211
polarity graph,1212
polycirculant conjecture,1213
polyhedra,1214
polyhedral scene,1215
polyhedron,1216
Polyhedron,1217
polynomial algorithm,1218
polynomials,1219
polyomino,1220
polyomino graph,1221
polyphenyl chain,1222
polytopes,1223
poset,1224
Poset,1225
Positional games,1226
positive (negative) inertia index,1227
power series,1228
pre-graph,1229
pre-map,1230
prime factorization of graphs,1231
prime order,1232
primitive group,1233
primitive groups,1234
primitivity,1235
primorials,1236
privacy,1237
probabilistic analysis,1238
probability,1239
product irregularity strength,1240
product of congurations,1241
product of cyclic groups,1242
product relation,1243
Product-irregular labeling,1244
production,1245
production matrix,1246
Projective arrangements,1247
projective linear groups,1248
projective plane,1249
projective space,1250
Projective special linear groups,1251
proximity,1252
pseudo-core,1253
pseudo-line,1254
pseudoachromatic index,1255
pseudoconvex patches,1256
pseudocyclic association schemes,1257
Pseudoline arrangement,1258
pTS-distance-balanced graph,1259
Pursuit game,1260
Pursuit-evasion,1261
push to leaves,1262
Python library,1263
quadrangulation,1264
Quadrangulation,1265
quadratic form,1266
quasi m-Cayley graph,1267
quasi product,1268
quasi-robust,1269
quasiline arrangement,1270
quasiprimitive permutation groups,1271
Quaternionic power series,1272
queen graphs,1273
R-core,1274
r-inflation,1275
r-Lah polynomials,1276
R-reduced graph,1277
R-retraction,1278
radius,1279
rainbow subgraph,1280
rainbow triangles,1281
Ramsey theory,1282
random generation,1283
random trees,1284
ranked poset,1285
rational angle,1286
rational coordinatization,1287
reachability relation,1288
reaction networks,1289
real algebraic geometry,1290
real-rootedness,1291
reconfiguration problems,1292
reconstructibility from the boundary,1293
recurrence relations,1294
recurrences,1295
recursion relation,1296
recursive structure,1297
Reducibility,1298
reflection,1299
reflexible edge-transitive embedding,1300
regular 4-polytope,1301
regular abelian subgroup,1302
regular and chiral,1303
Regular and rotary maps,1304
Regular balanced Cayley map,1305
regular cover,1306
regular covering projection,1307
regular coverings,1308
Regular dessin,1309
Regular embedding,1310
Regular graphs,1311
regular hypermap,1312
regular map,1313
Regular map,1314
Regular polygonal system,1315
regular polyhedron,1316
regular polytopes,1317
Regular subgroup,1318
regular weight,1319
regularity,1320
Regularity,1321
relative normalised size,1322
relative size,1323
remoteness,1324
representation,1325
Representation,1326
Residual voluntary health insurance,1327
residually finite,1328
resistance,1329
resistance distance,1330
resolvable cycle decompositions,1331
resolvable decompositions,1332
resolvable transversal design,1333
resolving sets,1334
resonance graph,1335
restrictedly regular,1336
restrictedly-marked,1337
revised edge Szeged index,1338
revised Szeged index,1339
Ribbon graph,1340
Riemann surface,1341
Riemann surfaces,1342
Riemann Surfaces,1343
Riemann--Hurwitz formula,1344
risk equalization,1345
robust,1346
Robust cycle basis,1347
Roman domination,1348
root system,1349
rooted hypermap,1350
Rooted map,1351
rooted maps,1352
rooted trees,1353
rooted-graph,1354
rose window,1355
Rose window graphs,1356
rotational orbit,1357
rq-convex sets,1358
S_10-conjecture,1359
s-arc transitive graphs,1360
s-distance set,1361
s-geodesic transitive graphs,1362
saturation number,1363
Saturation number,1364
Scattered linear set,1365
Schläfli symbol,1366
Schreier formula,1367
Schubert polynomials,1368
Schur multiplier,1369
Schur numbers,1370
Schur ring,1371
Schur rings,1372
Schur-Siegel-Smyth trace problem,1373
search,1374
second Zagreb eccentricity index,1375
Second Zagreb index,1376
Seidel triangle,1377
self-dual map,1378
self-normalizing subgroup,1379
self-Petrie-dual map,1380
semi-directed,1381
semi-edge walk,1382
semiaffine space,1383
semidefinite programming,1384
semidirect product,1385
Semifields,1386
semigroups,1387
semiregular automorphism,1388
semiregular group,1389
semiring,1390
semisymmetric graph,1391
sensitivity conjecture,1392
separating cycle,1393
Separator,1394
Sequence,1395
set theory,1396
Shnurnikov inequality,1397
Sierpiński graph,1398
Sierpiński graphs,1399
signed graph,1400
Signed graph,1401
Signed graph‎,1402
signed graph decomposition,1403
signed line graph,1404
signless Laplacian,1405
Signless Laplacian Estrada index,1406
simplicial,1407
Simplicial arrangement,1408
simulated annealing,1409
Singer groups,1410
singular congurations,1411
singular graphs,1412
skew lattice,1413
Skew lattices,1414
skew morphism,1415
skew-morphism,1416
Skolem sequence,1417
slit space,1418
small Ree groups,1419
smallest eigenvalue,1420
Smith normal form,1421
smooth subgroup,1422
snark,1423
snarks,1424
social network,1425
social networks,1426
solvable group,1427
Solvable group,1428
spanning forests,1429
spanning tree,1430
Spanning tree,1431
spanning tree leaves,1432
sparse graphs and hypergraphs,1433
spatial conguration,1434
special graph,1435
special linear group,1436
spectral inequalities,1437
Spectral radius of graph,1438
spectrum,1439
‎spectrum,1440
Spectrum,1441
Spectrum and eigenvalues of graphs,1442
Spherical latin bitrade,1443
Spherical quadrangle,1444
spherical tiling,1445
Spherical tiling by congruent quadrangles,1446
spherical trigonometry,1447
spin system,1448
spiro chain,1449
split graph,1450
splitting type,1451
sporadic,1452
spread,1453
spreads,1454
square graph,1455
square lattice,1456
squares,1457
stability,1458
stabilizer,1459
stable Kneser graph,1460
star complement,1461
static equilibrium,1462
Steiner triple system,1463
Stirling number,1464
Stirling numbers,1465
Stock returns,1466
string C-groups,1467
string links,1468
strong geodetic problem,1469
Strong metric dimension,1470
strong Petersen colorings,1471
strong product graph,1472
strong product of graphs,1473
strong symmetric genus,1474
Strongly light subgraph,1475
strongly regular digraphs,1476
strongly regular graph,1477
strongly regular graphs,1478
strongy distance-balanced,1479
subconstituent algebra,1480
Subconstituent algebra,1481
Subcubic graph,1482
subgroup lattice,1483
subset sum,1484
Subtrees,1485
Sum of squares,1486
Summed r-Lah numbers,1487
sumsets,1488
Super connectivity,1489
Supercharacter theory‎,1490
‎superclass‎,1491
superimposition,1492
superposition,1493
support function,1494
surface,1495
Surface,1496
surfaces,1497
surgeries,1498
sweep,1499
switching equivalent signed graphs,1500
Sylow cyclic groups,1501
symbolic summation,1502
Symmetric crosscap number,1503
Symmetric design,1504
symmetric designs,1505
Symmetric Designs,1506
symmetric function,1507
Symmetric genus,1508
Symmetric graph,1509
symmetric graphs,1510
Symmetric graphs,1511
symmetric group,1512
symmetric hamiltonian cycle system,1513
symmetric matrix,1514
Symmetric varieties,1515
symmetries,1516
symmetry,1517
symmetry breaking,1518
Symmetry breaking,1519
symmetry breaking in graph,1520
symmetry breaking in graphs,1521
symmetry group,1522
symmetry groups,1523
Symmetry type,1524
symmetry type graph,1525
symplectic polarity,1526
Szeged index,1527
Szekeres-Wilf inequality,1528
t-graph,1529
T-join,1530
Taylor graph,1531
Temporal network,1532
Tensegrities,1533
ternary relation,1534
Terwilliger algebra,1535
tessellation,1536
Tetrahedral cages,1537
tetravalent graph,1538
The Erdős-Ko-Rado theorem,1539
The irregularity of graph,1540
the Petford-Welsh algorithm,1541
the total irregularity of graph,1542
the Tower of Hanoi graph,1543
thickness,1544
Thickness,1545
thin geometries,1546
threshold Boolean function,1547
threshold hypergraph,1548
tight polytope,1549
Tiling,1550
Tilings,1551
Toeplitz matrix,1552
topological configuration,1553
topological graph theory,1554
Topological graph theory,1555
topological index,1556
topological indices,1557
toroidal,1558
Total colourings of graphs,1559
total distance,1560
total distinguishing chromatic number,1561
total distinguishing number,1562
total domination number,1563
Total domination number,1564
total graph,1565
Total positivity,1566
totally positive matrix,1567
trace,1568
traceable,1569
trading strategies,1570
Tranisitvity,1571
transfer matrix method,1572
Transit function,1573
Transit functions,1574
transition matrix,1575
transitive graph,1576
transitive group,1577
Transitive groups,1578
transitive set,1579
transversal,1580
transversals,1581
tree,1582
tree decomposition,1583
tree enumeration,1584
treewidth,1585
triangle group,1586
triangular lattice,1587
triangulation,1588
triangulations,1589
tricirculant,1590
tridiagonal pair,1591
trilaterals,1592
Truncation,1593
tubulene,1594
TUC_4C_8(R) nanotube,1595
TUC_4C_8(S) nanotube,1596
Turán graph,1597
Turán numbers,1598
Tutte polynomial,1599
Tutte's 3-flow conjecture,1600
two-fold isomorphisms,1601
two-graph,1602
twofold triple system,1603
ultrahomogeneous graph,1604
unbalanced coin,1605
underlying graph,1606
unicyclic graph,1607
unicyclic graphs,1608
uniform core graphs,1609
Uniform map,1610
uniform partial sum families,1611
Uniform poset,1612
unilateral,1613
unimodular equivalence,1614
unit-distance graph,1615
Unital,1616
Unitals,1617
Unitary groups,1618
Unramified Brauer group,1619
unrooted hypermap,1620
Unrooted map,1621
unsplittable configuration,1622
unsplittable graph,1623
Upper embedding,1624
V-construction,1625
valence sequence,1626
Varchenko matrix,1627
Veldkamp spaces,1628
Veronese variety,1629
Vertex coloring,1630
Vertex colouring,1631
vertex connectivity,1632
vertex transitive graphs,1633
vertex-amalgamation,1634
vertex-cut,1635
vertex-quasiprimitive,1636
vertex-transitive,1637
vertex-transitive bipartite double cover,1638
vertex-transitive graph,1639
Vertex-transitive graph,1640
vertex-transitive graphs,1641
vertex-transitive map,1642
violence,1643
Virtual links,1644
Vizing's conjecture,1645
voltage assignment,1646
voltage assignments,1647
voltages,1648
vulnerability,1649
Wada dessins,1650
wallpaper group,1651
weak discrepancy,1652
weak order,1653
weak product of graphs,1654
weakly chordal graph,1655
weighted graphs,1656
Weighted k-cyclic graph,1657
welded knots,1658
well-covered graphs,1659
width function,1660
Wiener index,1661
Wiener inverse interval problem,1662
Wiener number,1663
Wiener polynomial,1664
Wilf's problem,1665
wiring diagram,1666
wonderful compactification,1667
Wreath product of complete graphs,1668
wreath product of graphs,1669
Z_3-connected,1670
Z_3-connectivity,1671
Zagreb indices,1672
zero forcing number,1673
zero-symmetric graph,1674
Zhang-Zhang polynomial,1675
zig-zag nanotube,1676
NA,1677
